Date,Type,Title,Episode Name,Season,Episode
148 BBY,TV,Star Wars: The Acolyte,Choice,1,7
148 BBY,TV,Star Wars: The Acolyte,Destiny,1,3
132 BBY,TV,Star Wars: The Acolyte,Lost / Found,1,1
132 BBY,TV,Star Wars: The Acolyte,Revenge / Justice,1,2
132 BBY,TV,Star Wars: The Acolyte,Day,1,4
132 BBY,TV,Star Wars: The Acolyte,Night,1,5
132 BBY,TV,Star Wars: The Acolyte,Teach / Corrupt,1,6
132 BBY,TV,Star Wars: The Acolyte,The Acolyte,1,8
60~50?BBY,TV,Star Wars: Tales of the Jedi,Justice,1,2
58~48 BBY,TV,Star Wars: Tales of the Underworld,The Good Life,1,4
50~48?BBY,TV,Star Wars: Tales of the Jedi,Choices,1,3
~40 BBY,TV,Star Wars: Tales of the Underworld,A Good Turn,1,5
36-35 BBY,TV,Star Wars: Tales of the Jedi,Life and Death,1,1
~33 BBY,TV,Star Wars: Tales of the Underworld,One Good Deed,1,6
32 BBY,Film,Star Wars: Episode I,The Phantom Menace,n/a,n/a
32 BBY,TV,Star Wars: Tales of the Jedi,The Sith Lord,1,4
22 BBY,Film,Star Wars: Episode II ,Attack of the Clones,n/a,n/a
22 BBY,TV,Star Wars: The Clone Wars,Cat and Mouse,2,16
22 BBY,TV,Star Wars: The Clone Wars,The Hidden Enemy,1,16
22 BBY,Film,Star Wars: The Clone Wars,n/a,n/a,n/a
22 BBY,TV,Star Wars: The Clone Wars,Clone Cadets,3,1
22 BBY,TV,Star Wars: The Clone Wars,Supply Lines,3,3
22 BBY,TV,Star Wars: The Clone Wars,Ambush,1,1
22 BBY,TV,Star Wars: The Clone Wars,Rising Malevolence,1,2
22 BBY,TV,Star Wars: The Clone Wars,Shadow of Malevolence,1,3
22 BBY,TV,Star Wars: The Clone Wars,Destroy Malevolence,1,4
22 BBY,TV,Star Wars: The Clone Wars,Rookies,1,5
22 BBY,TV,Star Wars: The Clone Wars,Downfall of a Droid,1,6
22 BBY,TV,Star Wars: The Clone Wars,Duel of the Droids,1,7
22 BBY,TV,Star Wars: The Clone Wars,Bombad Jedi,1,8
21 BBY,TV,Star Wars: The Clone Wars,Cloak of Darkness,1,9
21 BBY,TV,Star Wars: The Clone Wars,Lair of Grievous,1,10
21 BBY,TV,Star Wars: The Clone Wars,Dooku Captured,1,11
21 BBY,TV,Star Wars: The Clone Wars,The Gungan General,1,12
21 BBY,TV,Star Wars: The Clone Wars,Jedi Crash,1,13
21 BBY,TV,Star Wars: The Clone Wars,Defenders of Peace,1,14
21 BBY,TV,Star Wars: The Clone Wars,Trespass,1,15
21 BBY,TV,Star Wars: The Clone Wars,Blue Shadow Virus,1,17
21 BBY,TV,Star Wars: The Clone Wars,Mystery of a Thousand Moons,1,18
21 BBY,TV,Star Wars: The Clone Wars,Storm over Ryloth,1,19
21 BBY,TV,Star Wars: The Clone Wars,Innocents of Ryloth,1,20
21 BBY,TV,Star Wars: The Clone Wars,Liberty on Ryloth,1,21
21 BBY,TV,Star Wars: The Clone Wars,Holocron Heist,2,1
21 BBY,TV,Star Wars: The Clone Wars,Cargo of Doom,2,2
21 BBY,TV,Star Wars: The Clone Wars,Children of the Force,2,3
21 BBY,TV,Star Wars: The Clone Wars,Bounty Hunters,2,17
21 BBY,TV,Star Wars: The Clone Wars,The Zillo Beast,2,18
21 BBY,TV,Star Wars: The Clone Wars,The Zillo Beast Strikes Back,2,19
21 BBY,TV,Star Wars: The Clone Wars,Senate Spy,2,4
21 BBY,TV,Star Wars: The Clone Wars,Landing at Point Rain,2,5
21 BBY,TV,Star Wars: The Clone Wars,Weapons Factory,2,6
21 BBY,TV,Star Wars: The Clone Wars,Legacy of Terror,2,7
21 BBY,TV,Star Wars: The Clone Wars,Brain Invaders,2,8
21 BBY,TV,Star Wars: The Clone Wars,Grievous Intrigue,2,9
21 BBY,TV,Star Wars: The Clone Wars,The Deserter,2,10
21 BBY,TV,Star Wars: The Clone Wars,Lightsaber Lost,2,11
21 BBY,TV,Star Wars: The Clone Wars,The Mandalore Plot,2,12
21 BBY,TV,Star Wars: The Clone Wars,Voyage of Temptation,2,13
21 BBY,TV,Star Wars: The Clone Wars,Duchess of Mandalore,2,14
21 BBY,TV,Star Wars: The Clone Wars,Death Trap,2,20
21 BBY,TV,Star Wars: The Clone Wars,R2 Come Home,2,21
21 BBY,TV,Star Wars: The Clone Wars,Lethal Trackdown,2,22
21 BBY,TV,Star Wars: The Clone Wars,Corruption,3,5
21 BBY,TV,Star Wars: The Clone Wars,The Academy,3,6
21 BBY,TV,Star Wars: The Clone Wars,Assassin,3,7
21 BBY,TV,Star Wars: The Clone Wars,ARC Troopers,3,2
21 BBY,TV,Star Wars: The Clone Wars,Sphere of Influence,3,4
21 BBY,TV,Star Wars: The Clone Wars,Evil Plans,3,8
21 BBY,TV,Star Wars: The Clone Wars,Hostage Crisis,1,22
21 BBY,TV,Star Wars: The Clone Wars,Hunt for Ziro,3,9
21 BBY,TV,Star Wars: The Clone Wars,Heroes on Both Side,3,10
21 BBY,TV,Star Wars: The Clone Wars,Pursuit of Peace,3,11
21 BBY,TV,Star Wars: The Clone Wars,Senate Murders,2,15
21 BBY,TV,Star Wars: Tales of the Jedi,Practice Makes Perfect,1,5
20 BBY,TV,Star Wars: The Clone Wars,Nightsisters,3,12
20 BBY,TV,Star Wars: The Clone Wars,Monster,3,13
20 BBY,TV,Star Wars: The Clone Wars,Witches of the Mist,3,14
20 BBY,TV,Star Wars: The Clone Wars,Overlords,3,15
20 BBY,TV,Star Wars: The Clone Wars,Altar of Mortis,3,16
20 BBY,TV,Star Wars: The Clone Wars,Ghosts of Mortis,3,17
20 BBY,TV,Star Wars: The Clone Wars,The Citadel,3,18
20 BBY,TV,Star Wars: The Clone Wars,Counter Attack,3,19
20 BBY,TV,Star Wars: The Clone Wars,Citadel Rescue,3,20
20 BBY,TV,Star Wars: The Clone Wars,Padawan Lost,3,21
20 BBY,TV,Star Wars: The Clone Wars,Wookiee Hunt,3,22
20 BBY,TV,Star Wars: The Clone Wars,Water War,4,1
20 BBY,TV,Star Wars: The Clone Wars,Gungan Attack,4,2
20 BBY,TV,Star Wars: The Clone Wars,Prisoners,4,3
20 BBY,TV,Star Wars: The Clone Wars,Shadow Warrior,4,4
20 BBY,TV,Star Wars: The Clone Wars,Mercy Mission,4,5
20 BBY,TV,Star Wars: The Clone Wars,Nomad Droids,4,6
20 BBY,TV,Star Wars: The Clone Wars,Darkness on Umbara,4,7
20 BBY,TV,Star Wars: The Clone Wars,The General,4,8
20 BBY,TV,Star Wars: The Clone Wars,Plan of Dissent,4,9
20 BBY,TV,Star Wars: The Clone Wars,Carnage of Krell,4,10
20 BBY,TV,Star Wars: The Clone Wars,Kidnapped,4,11
20 BBY,TV,Star Wars: The Clone Wars,Slaves of the Republic,4,12
20 BBY,TV,Star Wars: The Clone Wars,Escape from Kadavo,4,13
20 BBY,TV,Star Wars: The Clone Wars,A Friend In Need,4,14
20 BBY,TV,Star Wars: The Clone Wars,Deception,4,15
20 BBY,TV,Star Wars: The Clone Wars,Friends and Enemies,4,16
20 BBY,TV,Star Wars: The Clone Wars,The Box,4,17
20 BBY,TV,Star Wars: The Clone Wars,Crisis on Naboo,4,18
20 BBY,TV,Star Wars: The Clone Wars,Massacre,4,19
20 BBY,TV,Star Wars: Tales of the Empire,The Path of Fear,1,1
20 BBY,TV,Star Wars: The Clone Wars,Bounty,4,20
20 BBY,TV,Star Wars: The Clone Wars,Brothers,4,21
20 BBY,TV,Star Wars: The Clone Wars,Revenge,4,22
20 BBY,TV,Star Wars: The Clone Wars,A War on Two Fronts,5,2
20 BBY,TV,Star Wars: The Clone Wars,Front Runners,5,3
20 BBY,TV,Star Wars: The Clone Wars,The Soft War,5,4
20 BBY,TV,Star Wars: The Clone Wars,Tipping Points,5,5
20 BBY,TV,Star Wars: The Clone Wars,The Gathering,5,6
20 BBY,TV,Star Wars: The Clone Wars,A Test of Strength,5,7
20 BBY,TV,Star Wars: The Clone Wars,Bound for Rescue,5,8
20 BBY,TV,Star Wars: The Clone Wars,A Necessary Bond,5,9
20 BBY,TV,Star Wars: The Clone Wars,Secret Weapons,5,10
20 BBY,TV,Star Wars: The Clone Wars,A Sunny Day in the Void,5,11
20 BBY,TV,Star Wars: The Clone Wars,Missing in Action,5,12
20 BBY,TV,Star Wars: The Clone Wars,Point of No Return,5,13
19 BBY,TV,Star Wars: The Clone Wars,Revival,5,1
19 BBY,TV,Star Wars: The Clone Wars,Eminence,5,14
19 BBY,TV,Star Wars: The Clone Wars,Shades of Reason,5,15
19 BBY,TV,Star Wars: The Clone Wars,The Lawless,5,16
19 BBY,TV,Star Wars: The Clone Wars,Sabotage,5,17
19 BBY,TV,Star Wars: The Clone Wars,The Jedi Who Knew Too Much,5,18
19 BBY,TV,Star Wars: The Clone Wars,To Catch a Jedi,5,19
19 BBY,TV,Star Wars: The Clone Wars,The Wrong Jedi,5,20
19 BBY,TV,Star Wars: The Clone Wars,The Unknown,6,1
19 BBY,TV,Star Wars: The Clone Wars,Conspiracy,6,2
19 BBY,TV,Star Wars: The Clone Wars,Fugitive,6,3
19 BBY,TV,Star Wars: The Clone Wars,Orders,6,4
19 BBY,TV,Star Wars: The Clone Wars,An Old Friend,6,5
19 BBY,TV,Star Wars: The Clone Wars,The Rise of Clovis,6,6
19 BBY,TV,Star Wars: The Clone Wars,Crisis at the Heart,6,7
19 BBY,TV,Star Wars: The Clone Wars,The Disappeared,6,8
19 BBY,TV,Star Wars: The Clone Wars,The Disappeared: Pt. II,6,9
19 BBY,TV,Star Wars: The Clone Wars,The Lost One,6,10
19 BBY,TV,Star Wars: The Clone Wars,Voices,6,11
19 BBY,TV,Star Wars: The Clone Wars,Destiny,6,12
19 BBY,TV,Star Wars: The Clone Wars,Sacrifice,6,13
19 BBY,TV,Star Wars: The Clone Wars,Gone with a Trace,7,5
19 BBY,TV,Star Wars: The Clone Wars,Deal No Deal,7,6
19 BBY,TV,Star Wars: The Clone Wars,Dangerous Debt,7,7
19 BBY,TV,Star Wars: The Clone Wars,Together Again,7,8
19 BBY,TV,Star Wars: The Clone Wars,The Bad Batch,7,1
19 BBY,TV,Star Wars: The Clone Wars,A Distant Echo,7,2
19 BBY,TV,Star Wars: The Clone Wars,On the Wings of Keeradaks,7,3
19 BBY,TV,Star Wars: The Clone Wars,Unfinished Business,7,4
19 BBY,TV,Star Wars: The Clone Wars,Old Friends Not Forgotten,7,9
19 BBY,Film,Star Wars: Episode III,Revenge of the Sith,n/a,n/a
19 BBY,TV,Star Wars: The Clone Wars,The Phantom Apprentice,7,10
19 BBY,TV,Star Wars: The Clone Wars,Shattered,7,11
19 BBY,TV,Star Wars: The Bad Batch,Aftermath,1,1
19 BBY,TV,Star Wars: The Clone Wars,Victory and Death,7,12
19 BBY,TV,Star Wars: Tales of the Empire,Devoted,1,4
19 BBY,TV,Star Wars: Tales of the Empire,Realization,1,5
19 BBY,TV,Star Wars: Tales of the Jedi,Resolve,1,6
19 BBY,TV,Star Wars: The Bad Batch,Cut and Run,1,2
19 BBY,TV,Star Wars: The Bad Batch,Replacements,1,3
19 BBY,TV,Star Wars: The Bad Batch,Cornered,1,4
19 BBY,TV,Star Wars: The Bad Batch,Rampage,1,5
19 BBY,TV,Star Wars: The Bad Batch,Decommissioned,1,6
19 BBY,TV,Star Wars: The Bad Batch,Battle Scars,1,7
19 BBY,TV,Star Wars: The Bad Batch,Reunion,1,8
19 BBY,TV,Star Wars: The Bad Batch,Bounty Lost,1,9
19 BBY,TV,Star Wars: The Bad Batch,Common Ground,1,10
19 BBY,TV,Star Wars: The Bad Batch,Devil's Deal,1,11
19 BBY,TV,Star Wars: The Bad Batch,Rescue on Ryloth,1,12
19 BBY,TV,Star Wars: The Bad Batch,Infested,1,13
19 BBY,TV,Star Wars: The Bad Batch,War-Mantle,1,14
19 BBY,TV,Star Wars: The Bad Batch,Return to Kamino,1,15
19 BBY,TV,Star Wars: The Bad Batch,Kamino Lost,1,16
18 BBY,TV,Star Wars: The Bad Batch,Spoils of War,2,1
18 BBY,TV,Star Wars: The Bad Batch,Ruins of War,2,2
18 BBY,TV,Star Wars: The Bad Batch,The Solitary Clone,2,3
18 BBY,TV,Star Wars: The Bad Batch,Faster,2,4
18 BBY,TV,Star Wars: The Bad Batch,Entombed,2,5
18 BBY,TV,Star Wars: The Bad Batch,Tribe,2,6
18 BBY,TV,Star Wars: The Bad Batch,The Clone Conspiracy,2,7
18 BBY,TV,Star Wars: The Bad Batch,Truth & Consequences,2,8
18 BBY,TV,Star Wars: The Bad Batch,The Crossing,2,9
18 BBY,TV,Star Wars: The Bad Batch,Retrieval,2,10
18 BBY,TV,Star Wars: The Bad Batch,Metamorphosis,2,11
18 BBY,TV,Star Wars: The Bad Batch,The Outpost,2,12
18 BBY,TV,Star Wars: The Bad Batch,Pabu,2,13
18 BBY,TV,Star Wars: The Bad Batch,Tipping Point,2,14
18 BBY,TV,Star Wars: The Bad Batch,The Summit,2,15
18 BBY,TV,Star Wars: The Bad Batch,Plan 99,2,16
18 BBY,TV,Star Wars: The Bad Batch,Confined,3,1
18 BBY,TV,Star Wars: The Bad Batch,Paths Unknown,3,2
18 BBY,TV,Star Wars: The Bad Batch,Shadows Of Tantiss,3,3
18 BBY,TV,Star Wars: The Bad Batch,A Different Approach,3,4
18 BBY,TV,Star Wars: The Bad Batch,The Return,3,5
18 BBY,TV,Star Wars: The Bad Batch,Infiltration,3,6
18 BBY,TV,Star Wars: The Bad Batch,Extraction,3,7
18 BBY,TV,Star Wars: The Bad Batch,Bad Territory,3,8
18 BBY,TV,Star Wars: The Bad Batch,The Harbinger,3,9
18 BBY,TV,Star Wars: The Bad Batch,Identity Crisis,3,10
18 BBY,TV,Star Wars: The Bad Batch,Point Of No Return,3,11
18 BBY,TV,Star Wars: The Bad Batch,Juggernaut,3,12
18 BBY,TV,Star Wars: The Bad Batch,Into The Breach,3,13
18 BBY,TV,Star Wars: The Bad Batch,Flash Strike,3,14
18 BBY,TV,Star Wars: The Bad Batch,The Cavalry Has Arrived,3,15
18 BBY,TV,Star Wars: Tales of the Underworld,A Way Forward,1,1
18 BBY,TV,Star Wars: Tales of the Underworld,Friends and Enemies,1,2
18 BBY,TV,Star Wars: Tales of the Underworld,One Warrior to Another,1,3
10 BBY,Film,Solo: A Star Wars Story,n/a,n/a,n/a
9 BBY,TV,Star Wars: Obi-Wan Kenobi,Part I,1,1
9 BBY,TV,Star Wars: Obi-Wan Kenobi,Part II,1,2
9 BBY,TV,Star Wars: Obi-Wan Kenobi,Part III,1,3
9 BBY,TV,Star Wars: Obi-Wan Kenobi,Part IV,1,4
9 BBY,TV,Star Wars: Obi-Wan Kenobi,Part V,1,5
9 BBY,TV,Star Wars: Obi-Wan Kenobi,Part VI,1,6
~9-2 BBY,TV,Star Wars: Tales of the Empire,The Path of Anger,1,2
~9-0 BBY,TV,Star Wars: Tales of the Empire,The Way Out,1,6
5 BBY,TV,Star Wars: Andor,Kassa,1,1
5 BBY,TV,Star Wars: Andor,That Would Be Me,1,2
5 BBY,TV,Star Wars: Andor,Reckoning,1,3
5 BBY,TV,Star Wars: Andor,Aldhani,1,4
5 BBY,TV,Star Wars: Andor,The Axe Forgets,1,5
5 BBY,TV,Star Wars: Andor,The Eye,1,6
5 BBY,TV,Star Wars: Andor,Announcement,1,7
5 BBY,TV,Star Wars: Andor,Narkina 5,1,8
5 BBY,TV,Star Wars: Andor,Nobody's Listening!,1,9
5 BBY,TV,Star Wars: Andor,One Way Out,1,10
5 BBY,TV,Star Wars: Andor,Daughter of Ferrix,1,11
5 BBY,TV,Star Wars: Andor,Rix Road,1,12
5 BBY,TV,Star Wars Rebels,Spark of Rebellion - Part I,1,1
5 BBY,TV,Star Wars Rebels,Spark of Rebellion - Part II,1,2
5 BBY,TV,Star Wars Rebels,Droids in Distress,1,3
5 BBY,TV,Star Wars Rebels,Fighter Flight,1,4
5 BBY,TV,Star Wars Rebels,Rise of the Old Masters,1,5
5 BBY,TV,Star Wars Rebels,Breaking Ranks,1,6
5 BBY,TV,Star Wars Rebels,Out of Darkness,1,7
4 BBY,TV,Star Wars Rebels,Empire Day,1,8
4 BBY,TV,Star Wars Rebels,Gathering Forces,1,9
4 BBY,TV,Star Wars Rebels,Path of the Jedi,1,10
4 BBY,TV,Star Wars Rebels,Idiot's Array,1,11
4 BBY,TV,Star Wars Rebels,Vision of Hope,1,12
4 BBY,TV,Star Wars Rebels,Call to Action,1,13
4 BBY,TV,Star Wars Rebels,Rebel Resolve,1,14
4 BBY,TV,Star Wars Rebels,Fire Across the Galaxy,1,15
4 BBY,TV,Star Wars: Andor,One Year Later,2,1
4 BBY,TV,Star Wars: Andor,Sagrona Teema,2,2
4 BBY,TV,Star Wars: Andor,Harvest,2,3
4 BBY,TV,Star Wars Rebels,The Siege of Lothal - Part I,2,1
4 BBY,TV,Star Wars Rebels,The Siege of Lothal - Part II,2,2
4 BBY,TV,Star Wars Rebels,The Lost Commanders,2,3
4 BBY,TV,Star Wars Rebels,Relics of the Old Republic,2,4
4 BBY,TV,Star Wars Rebels,Always Two There Are,2,5
4 BBY,TV,Star Wars Rebels,Brothers of the Broken Horn,2,6
4 BBY,TV,Star Wars Rebels,Wings of the Master,2,7
4 BBY,TV,Star Wars Rebels,Blood Sisters,2,8
4 BBY,TV,Star Wars Rebels,Stealth Strike,2,9
3 BBY,TV,Star Wars Rebels,The Future of the Force,2,10
3 BBY,TV,Star Wars: Andor,Ever Been to Ghorman?,2,4
3 BBY,TV,Star Wars: Andor,I Have Friends Everywhere,2,5
3 BBY,TV,Star Wars: Andor,What a Festive Evening,2,6
3 BBY,TV,Star Wars Rebels,Legacy,2,11
3 BBY,TV,Star Wars Rebels,A Princess on Lothal,2,12
3 BBY,TV,Star Wars Rebels,The Protector of Concord Dawn,2,13
3 BBY,TV,Star Wars Rebels,Legends of the Lasat,2,14
3 BBY,TV,Star Wars Rebels,The Call,2,15
3 BBY,TV,Star Wars Rebels,Homecoming,2,16
3 BBY,TV,Star Wars Rebels,The Honorable Ones,2,17
3 BBY,TV,Star Wars Rebels,Shroud of Darkness,2,18
3 BBY,TV,Star Wars Rebels,The Forgotten Droid,2,19
3 BBY,TV,Star Wars Rebels,The Mystery of Chopper Base,2,20
3 BBY,TV,Star Wars Rebels,Twilight of the Apprentice - Part I,2,21
3 BBY,TV,Star Wars Rebels,Twilight of the Apprentice - Part II,2,22
2 BBY,TV,Star Wars Rebels,Steps Into Shadow - Part I,3,1
2 BBY,TV,Star Wars Rebels,Steps Into Shadow - Part II,3,2
2 BBY,TV,Star Wars Rebels,The Holocrons of Fate,3,3
2 BBY,TV,Star Wars Rebels,The Antilles Extraction,3,4
2 BBY,TV,Star Wars Rebels,Hera's Heroes,3,5
2 BBY,TV,Star Wars Rebels,The Last Battle,3,6
2 BBY,TV,Star Wars Rebels,Imperial Supercommandos,3,7
2 BBY,TV,Star Wars Rebels,Iron Squadron,3,8
2 BBY,TV,Star Wars Rebels,The Wynkahthu Job,3,9
2 BBY,TV,Star Wars Rebels,An Inside Man,3,10
2 BBY,TV,Star Wars Rebels,Visions and Voices,3,11
2 BBY,TV,Star Wars Rebels,Ghosts of Geonosis - Part I,3,12
2 BBY,TV,Star Wars Rebels,Ghosts of Geonosis - Part II,3,13
2 BBY,TV,Star Wars Rebels,Warhead,3,14
2 BBY,TV,Star Wars Rebels,Trials of the Darksaber,3,15
2 BBY,TV,Star Wars Rebels,Legacy of Mandalore,3,16
2 BBY,TV,Star Wars: Andor,Messenger,2,7
2 BBY,TV,Star Wars: Andor,Who Are You?,2,8
2 BBY,TV,Star Wars Rebels,Through Imperial Eyes,3,17
2 BBY,TV,Star Wars: Andor,Welcome to the Rebellion,2,9
2 BBY,TV,Star Wars Rebels,Secret Cargo,3,18
2 BBY,TV,Star Wars Rebels,Double Agent Droid,3,19
2 BBY,TV,Star Wars Rebels,Twin Suns,3,20
2 BBY,TV,Star Wars Rebels,Zero Hour - Part I,3,21
2 BBY,TV,Star Wars Rebels,Zero Hour - Part II,3,22
1 BBY,TV,Star Wars Rebels,Heroes of Mandalore - Part I,4,1
1 BBY,TV,Star Wars Rebels,Heroes of Mandalore - Part II,4,2
1 BBY,TV,Star Wars Rebels,In the Name of the Rebellion - Part I,4,3
1 BBY,TV,Star Wars Rebels,In the Name of the Rebellion - Part II,4,4
1 BBY,TV,Star Wars Rebels,The Occupation,4,5
1 BBY,TV,Star Wars Rebels,Flight of the Defender,4,6
1 BBY,TV,Star Wars Rebels,Kindred,4,7
1 BBY,TV,Star Wars Rebels,Crawler Commandeers,4,8
1 BBY,TV,Star Wars Rebels,Rebel Assault,4,9
1 BBY,TV,Star Wars Rebels,Jedi Night,4,10
1 BBY,TV,Star Wars Rebels,DUME,4,11
1 BBY,TV,Star Wars Rebels,Wolves and a Door,4,12
1 BBY,TV,Star Wars Rebels,A World Between Worlds,4,13
1 BBY,TV,Star Wars Rebels,A Fool's Hope,4,14
1 BBY,TV,Star Wars Rebels,Family Reunion – and Farewell,4,15
1 BBY,TV,Star Wars: Andor,Make It Stop,2,10
1 BBY,TV,Star Wars: Andor,Who Else Knows?,2,11
1 BBY,TV,Star Wars: Andor,Jedha Kyber Erso,2,12
1 BBY,Film,Rogue One: A Star Wars Story,n/a,n/a,n/a
0 BBY - 0 ABY,Film,Star Wars: Episode IV,A New Hope,n/a,n/a
3 ABY,Film,Star Wars: Episode V,The Empire Strikes Back,n/a,n/a
4 ABY,Film,Star Wars: Episode VI,Return of the Jedi,n/a,n/a
9 ABY,TV,Star Wars: The Mandalorian,Chapter 1: The Mandalorian,1,1
9 ABY,TV,Star Wars: The Mandalorian,Chapter 2: The Child,1,2
9 ABY,TV,Star Wars: The Mandalorian,Chapter 3: The Sin,1,3
9 ABY,TV,Star Wars: The Mandalorian,Chapter 4: Sanctuary,1,4
9 ABY,TV,Star Wars: The Mandalorian,Chapter 5: The Gunslinger,1,5
9 ABY,TV,Star Wars: The Mandalorian,Chapter 6: The Prisoner,1,6
9 ABY,TV,Star Wars: The Mandalorian,Chapter 7: The Reckoning,1,7
9 ABY,TV,Star Wars: The Mandalorian,Chapter 8: Redemption,1,8
9 ABY,TV,Star Wars: The Mandalorian,Chapter 9: The Marshal,2,1
9 ABY,TV,Star Wars: The Mandalorian,Chapter 10: The Passenger,2,2
9 ABY,TV,Star Wars: The Mandalorian,Chapter 11: The Heiress,2,3
9 ABY,TV,Star Wars: The Mandalorian,Chapter 12: The Siege,2,4
9 ABY,TV,Star Wars: Tales of the Empire,The Path of Hate,1,3
9 ABY,TV,Star Wars: The Mandalorian,Chapter 13: The Jedi,2,5
9 ABY,TV,Star Wars: The Mandalorian,Chapter 14: The Tragedy,2,6
9 ABY,TV,Star Wars: The Mandalorian,Chapter 15: The Believer,2,7
9 ABY,TV,Star Wars: The Mandalorian,Chapter 16: The Rescue,2,8
9 ABY,TV,Star Wars: The Book of Boba Fett,Chapter 1: Stranger in a Strange Land,1,1
9 ABY,TV,Star Wars: The Book of Boba Fett,Chapter 2: The Tribes of Tatooine,1,2
9 ABY,TV,Star Wars: The Book of Boba Fett,Chapter 3: The Streets of Mos Espa,1,3
9 ABY,TV,Star Wars: The Book of Boba Fett,Chapter 4: The Gathering Storm,1,4
9 ABY,TV,Star Wars: The Book of Boba Fett,Chapter 5: Return of the Mandalorian,1,5
9 ABY,TV,Star Wars: The Book of Boba Fett,Chapter 6: From the Desert Comes a Stranger,1,6
9 ABY,TV,Star Wars: The Book of Boba Fett,Chapter 7: In the Name of Honor,1,7
9 ABY,TV,Star Wars: The Mandalorian,Chapter 17: The Apostate,3,1
9 ABY,TV,Star Wars: The Mandalorian,Chapter 18: The Mines of Mandalore,3,2
9 ABY,TV,Star Wars: The Mandalorian,Chapter 19: The Convert,3,3
9 ABY,TV,Star Wars: The Mandalorian,Chapter 20: The Foundling,3,4
9 ABY,TV,Star Wars: The Mandalorian,Chapter 21: The Pirate,3,5
9 ABY,TV,Star Wars: The Mandalorian,Chapter 22: Guns for Hire,3,6
9 ABY,TV,Star Wars: The Mandalorian,Chapter 23: The Spies,3,7
9 ABY,TV,Star Wars: The Mandalorian,Chapter 24: The Return,3,8
9 ABY,TV,Star Wars: Ahsoka,Part One: Master and Apprentice,1,1
9 ABY,TV,Star Wars: Ahsoka,Part Two: Toil and Trouble,1,2
9 ABY,TV,Star Wars: Ahsoka,Part Three: Time to Fly,1,3
9 ABY,TV,Star Wars: Ahsoka,Part Four: Fallen Jedi,1,4
9 ABY,TV,Star Wars: Ahsoka,Part Five: Shadow Warrior,1,5
9 ABY,TV,Star Wars: Ahsoka,Part Six: Far Far Away,1,6
9 ABY,TV,Star Wars: Ahsoka,Part Seven: Dreams and Madness,1,7
9 ABY,TV,Star Wars: Ahsoka,Part Eight: The Jedi the Witch and the Warlord,1,8
9 ABY,TV,Star Wars: Skeleton Crew,This Could Be a Real Adventure,1,1
9 ABY,TV,Star Wars: Skeleton Crew,Way Way Out Past the Barrier,1,2
9 ABY,TV,Star Wars: Skeleton Crew,Very Interesting as an Astrogration Problem,1,3
9 ABY,TV,Star Wars: Skeleton Crew,Can't Say I Remember No At Attin,1,4
9 ABY,TV,Star Wars: Skeleton Crew,You Have a Lot to Learn About Pirates,1,5
9 ABY,TV,Star Wars: Skeleton Crew,Zero Friends Again,1,6
9 ABY,TV,Star Wars: Skeleton Crew,We're Gonna Be in So Much Trouble,1,7
9 ABY,TV,Star Wars: Skeleton Crew,The Real Good Guys,1,8
34 ABY,TV,Star Wars Resistance,The Recruit - Part I,1,1
34 ABY,TV,Star Wars Resistance,The Recruit - Part II,1,2
34 ABY,TV,Star Wars Resistance,The Triple Dark,1,3
34 ABY,TV,Star Wars Resistance,Fuel for the Fire,1,4
34 ABY,TV,Star Wars Resistance,The High Tower,1,5
34 ABY,TV,Star Wars Resistance,The Children from Tehar,1,6
34 ABY,TV,Star Wars Resistance,Signal from Sector Six,1,7
34 ABY,TV,Star Wars Resistance,Synara's Score,1,8
34 ABY,TV,Star Wars Resistance,The Platform Classic,1,9
34 ABY,TV,Star Wars Resistance,Secrets and Holograms,1,10
34 ABY,TV,Star Wars Resistance,Station Theta Black,1,11
34 ABY,TV,Star Wars Resistance,Bibo,1,12
34 ABY,TV,Star Wars Resistance,Dangerous Business,1,13
34 ABY,TV,Star Wars Resistance,The Doza Dilemma,1,14
34 ABY,TV,Star Wars Resistance,The First Order Occupation,1,15
34 ABY,TV,Star Wars Resistance,The New Trooper,1,16
34 ABY,TV,Star Wars Resistance,The Core Problem,1,17
34 ABY,TV,Star Wars Resistance,The Disappeared,1,18
34 ABY,TV,Star Wars Resistance,Descent,1,19
34 ABY,Film,Star Wars: Episode VII,The Force Awakens,n/a,n/a
34 ABY,TV,Star Wars Resistance,No Escape - Part I,1,20
34 ABY,TV,Star Wars Resistance,No Escape - Part II,1,21
34 ABY,TV,Star Wars Resistance,Into the Unknown,2,1
34 ABY,Film,Star Wars: Episode VIII,The Last Jedi,n/a,n/a
34 ABY,TV,Star Wars Resistance,A Quick Salvage Run,2,2
34 ABY,TV,Star Wars Resistance,Live Fire,2,3
34 ABY,TV,Star Wars Resistance,Hunt on Celsor 3,2,4
34 ABY,TV,Star Wars Resistance,The Engineer,2,5
34 ABY,TV,Star Wars Resistance,From Beneath,2,6
34 ABY,TV,Star Wars Resistance,The Relic Raiders,2,7
34 ABY,TV,Star Wars Resistance,Rendezvous Point,2,8
34 ABY,TV,Star Wars Resistance,The Voxx Vortex 5000,2,9
34 ABY,TV,Star Wars Resistance,Kaz's Curse,2,10
34 ABY,TV,Star Wars Resistance,Station to Station,2,11
34 ABY,TV,Star Wars Resistance,The Missing Agent,2,12
34 ABY,TV,Star Wars Resistance,Breakout,2,13
34 ABY,TV,Star Wars Resistance,The Mutiny,2,14
34 ABY,TV,Star Wars Resistance,The New World,2,15
34 ABY,TV,Star Wars Resistance,No Place Safe,2,16
34 ABY,TV,Star Wars Resistance,Rebuilding the Resistance,2,17
35 ABY,TV,Star Wars Resistance,The Escape - Part I,2,18
35 ABY,TV,Star Wars Resistance,The Escape - Part II,2,19
35 ABY,Film,Star Wars: Episode IX,The Rise of Skywalker,n/a,n/a
